{
  "project_info": {
    "project_number": "656240712236",
    "project_id": "e-commerce-app-16614",
    "storage_bucket": "e-commerce-app-16614.appspot.com"
  },
  "client": [
    {
      "client_info": {
        "mobilesdk_app_id": "1:656240712236:android:26af43fc25fdb627604f89",
        "android_client_info": {
          "package_name": "com.test.ecommerceapp"
        }
      },
      "oauth_client": [],
      "api_key": [
        {
          "current_key": "AIzaSyCQVtzAWgtn_mmd3mgmJiJZBqOYo_T5yo4"
        }
      ],
      "services": {
        "appinvite_service": {
          "other_platform_oauth_client": []
        }
      }
    }
  ],
  "configuration_version": "1"
}